"","V1","V2","V3","V4","V5","V6","V7","V8","V9","V10","V11","V12","V13","V14","V15","V16","V17","V18","V19","V20","V21","V22","V23","V24","V25","V26","V27","V28","V29","V30","V31","V32","V33","V34","V35","V36","V37","V38","V39","V40"
"1",116,"X126","TVGUIDE",26,"YES","KEY","YES","BENTON","GALLATIN","UNCOATED","UNCOATED","NO","LINE","YES","Motter94",6,2,"TABLOID","NorthUS",4,21,14,6,57,25,14,5,29,38,28,45,3,3,25,16,7,7,23,3,"band"
"4",115,"T133","MASSEY",240,"YES","KEY","YES","BENTON","GALLATIN","UNCOATED","UNCOATED","NO","LINE","YES","WoodHoe70",5,9,"CATALOG","NorthUS",3,19,8,13,44,22,7,15,94,19,47,66,3,3,25,21,11,7,43,3,"noband"
"6",115,"T218","MASSEY",230,"YES","KEY","YES","BENTON","GALLATIN","UNCOATED","UNCOATED","NO","LINE","YES","WoodHoe70",5,2,"CATALOG","NorthUS",3,18,8,11,56,23,9,13,116,19,40,56,16,3,25,13,11,7,22,3,"noband"
"7",118,"X249","ROSES",124,"NO","KEY","YES","BENTON","GALLATIN","COATED","COATED","NO","LINE","YES","Motter94",8,2,"TABLOID","CANADIAN",4,18,14,13,52,22,14,15,3,83,73,55,17,3,25,9,4,7,36,3,"noband"
"8",118,"X788","ROSES",124,"NO","KEY","YES","BENTON","GALLATIN","COATED","COATED","NO","LINE","YES","Motter94",8,9,"TABLOID","CANAdiAN",4,18,14,6,52,22,14,13,3,83,73,55,17,3,25,18,4,7,36,3,"noband"
"9",119,"M372","MODMAT",247,"YES","KEY","YES","BENTON","GALLATIN","UNCOATED","UNCOATED","NO","XYLOL","YES","Albert70",2,7,"CATALOG","NorthUS",3,18,13,17,4,17,14,37,3,34,67,76,7,3,32,16,11,7,17,3,"band"
"10",121,"I320","CHILDCRAFT",173,"YES","KEY","YES","BENTON","GALLATIN","UNCOATED","UNCOATED","NO","LINE","YES","WoodHoe70",4,2,"CATALOG","NorthUS",4,27,11,15,44,22,21,17,74,45,14,12,3,3,32,16,9,7,35,3,"noband"
"11",121,"I337","CHILDCRAFT",173,"YES","KEY","YES","BENTON","GALLATIN","UNCOATED","UNCOATED","NO","LINE","YES","WoodHoe70",4,9,"CATALOG","NorthUS",3,27,11,6,44,15,14,15,39,45,23,40,3,3,32,16,9,7,34,3,"noband"
"12",118,"X352","HANOVRHOUSE",121,"YES","KEY","YES","BENTON","GALLATIN","UNCOATED","UNCOATED","NO","LINE","YES","Motter94",6,2,"TABLOID","NorthUS",4,18,18,17,19,27,14,23,13,38,34,49,3,3,25,16,9,7,23,3,"band"
"13",122,"X67","HANOVRHOUS",121,"YES","KEY","YES","BENTON","GALLATIN","UNCOATED","UNCOATED","NO","LINE","YES","Motter94",6,7,"TABLOID","NorthUS",4,18,18,13,31,17,21,15,9,30,27,77,3,3,29,16,9,7,35,3,"band"
"14",125,"X817","GUIDEPOSTS",5,"YES","KEY","YES","BENTON","GALLATIN","UNCOATED","UNCOATED","NO","LINE","YES","Motter94",6,7,"TABLOID","NorthUS",4,11,13,13,26,17,13,10,3,23,64,80,3,3,18,16,11,7,3,3,"band"
"15",122,"X273","HANOVRHOUS",121,"YES","KEY","YES","BENTON","GALLATIN","UNCOATED","UNCOATED","NO","LINE","YES","Motter94",6,2,"TABLOID","NorthUS",4,18,11,11,44,22,21,5,41,30,26,28,3,3,25,16,9,7,17,3,"noband"
"21",128,"X799","COLORTIL",211,"NO","KEY","YES","BENTON","GALLATIN","COATED","COATED","NO","NAPTHA","NO","Motter94",7,2,"TABLOID","CANADIAN",4,18,13,9,44,17,17,15,3,79,60,87,3,3,14,16,4,7,41,3,"noband"
"22",128,"X823","COLORTIL",124,"NO","KEY","YES","BENTON","GALLATIN","COATED","COATED","NO","NAPTHA","YES","Motter94",7,9,"TABLOID","CANADIAN",4,11,13,6,31,23,17,15,3,79,73,55,3,3,7,16,4,7,41,3,"noband"
"23",122,"X163","WARDS",195,"NO","KEY","YES","BENTON","GALLATIN","COATED","COATED","NO","LINE","YES","Motter94",7,2,"TABLOID","CANADIAN",4,6,11,6,50,17,17,10,7,66,57,82,14,3,18,16,4,7,78,3,"noband"
"24",126,"O4","TARGET",134,"NO","KEY","YES","BENTON","GALLATIN","COATED","COATED","NO","LINE","YES","Motter94",8,2,"SPIEGEL","CANADIAN",4,11,9,6,42,19,21,15,3,58,73,55,3,3,25,16,4,7,41,3,"band"
"25",129,"E84","KMART",197,"NO","KEY","YES","BENTON","GALLATIN","COATED","COATED","NO","LINE","YES","Motter94",8,9,"TABLOID","SCANDANAVIAN",4,11,10,6,26,21,21,10,112,61,54,26,3,3,23,11,8,7,41,3,"band"
"26",130,"E81","KMART",197,"NO","KEY","YES","BENTON","GALLATIN","COATED","COATED","NO","LINE","YES","Motter94",8,9,"TABLOID","SCANDANAVIAN",4,14,10,6,19,17,21,5,112,51,54,26,3,3,18,11,8,7,41,3,"band"
"27",128,"E72","KMART",197,"NO","KEY","YES","BENTON","GALLATIN","UNCOATED","COATED","NO","LINE","YES","Motter94",8,9,"TABLOID","SCANDANAVIAN",4,18,13,13,31,23,21,15,112,63,54,26,3,3,25,16,8,7,41,3,"noband"
"28",128,"E310","KMART",197,"NO","KEY","YES","BENTON","GALLATIN","UNCOATED","COATED","NO","LINE","YES","Motter94",8,2,"TABLOID","SCANDANAVIAN",4,18,13,13,35,19,21,10,96,63,60,35,3,3,25,16,8,7,41,3,"noband"
"30",123,"X292","AMES",181,"NO","KEY","YES","BENTON","GALLATIN","COATED","COATED","NO","LINE","NO","Motter94",9,2,"TABLOID","CANADIAN",3,6,13,9,57,17,14,20,3,66,60,87,3,3,25,16,6,7,32,3,"band"
"31",131,"J9","KMART",197,"NO","KEY","YES","BENTON","GALLATIN","UNCOATED","COATED","NO","LINE","YES","WoodHoe70",4,2,"TABLOID","NorthUS",4,10,12,6,44,37,14,13,63,60,12,31,3,3,24,13,8,7,41,3,"noband"
"32",131,"J582","KMART",197,"NO","KEY","YES","BENTON","GALLATIN","UNCOATED","COATED","NO","LINE","YES","WoodHoe70",4,9,"TABLOID","NorthUS",4,10,12,6,52,38,14,15,70,60,9,29,3,3,27,13,8,7,41,3,"noband"
"39",135,"J43","BELKS",107,"YES","KEY","YES","BENTON","GALLATIN","UNCOATED","UNCOATED","NO","LINE","YES","WoodHoe70",5,9,"TABLOID","NorthUS",4,8,11,6,31,29,21,16,109,23,43,59,14,3,25,16,11,7,13,3,"noband"
"40",134,"I357","SEARS",217,"NO","KEY","YES","BENTON","GALLATIN","UNCOATED","COATED","NO","LINE","YES","WoodHoe70",4,9,"CATALOG","NorthUS",4,10,12,13,31,32,14,19,3,14,73,55,3,3,29,16,3,7,13,3,"noband"
"41",134,"I353","SEARS",217,"NO","KEY","YES","BENTON","GALLATIN","UNCOATED","COATED","NO","LINE","YES","WoodHoe70",4,2,"CATALOG","NorthUS",3,9,12,13,44,27,21,17,104,14,57,30,3,3,32,16,3,7,13,3,"noband"
"43",136,"X291","ROSES",125,"NO","KEY","YES","BENTON","GALLATIN","COATED","COATED","NO","LINE","YES","Motter94",7,9,"TABLOID","CANADIAN",3,18,11,6,44,29,19,15,3,72,47,106,9,3,18,16,4,7,17,3,"noband"
"44",136,"X129","ROSES",125,"NO","KEY","YES","BENTON","GALLATIN","COATED","COATED","NO","LINE","YES","Motter94",7,2,"TABLOID","CANADIAN",3,18,11,13,50,27,17,15,3,72,47,106,9,3,12,24,4,7,17,3,"noband"
"45",136,"X297","JCPENNY",131,"NO","KEY","YES","BENTON","GALLATIN","UNCOATED","COATED","NO","LINE","YES","Motter94",8,2,"TABLOID","NorthUS",4,24,11,11,42,6,14,9,7,21,57,82,3,3,11,25,6,7,13,3,"noband"
"46",136,"X146","JCPENNY",131,"NO","KEY","YES","BENTON","GALLATIN","UNCOATED","COATED","NO","LINE","YES","Motter94",8,9,"TABLOID","NorthUS",4,20,11,9,54,7,14,5,111,21,49,41,3,3,14,11,6,7,13,3,"noband"
"48",137,"E303","CENPURCH",204,"NO","KEY","YES","BENTON","GALLATIN","COATED","COATED","NO","LINE","YES","Motter94",6,2,"TABLOID","CANADIAN",4,4,6,6,7,22,13,10,3,30,54,98,3,3,25,14,4,7,13,3,"noband"
"49",137,"E68","CENPURCH",204,"NO","KEY","YES","BENTON","GALLATIN","COATED","COATED","NO","LINE","YES","Motter94",6,7,"TABLOID","CANADIAN",4,4,6,9,19,17,13,10,3,30,60,87,16,3,14,15,4,7,13,3,"noband"
"50",140,"J42","KMART",198,"NO","KEY","YES","BENTON","GALLATIN","UNCOATED","UNCOATED","NO","LINE","YES","WoodHoe70",5,9,"TABLOID","SCANDANAVIAN",4,11,14,15,43,25,10,19,61,58,68,47,3,3,24,21,8,7,17,3,"noband"
"51",141,"X53","BELK",108,"YES","KEY","YES","BENTON","GALLATIN","UNCOATED","UNCOATED","NO","LINE","YES","Motter94",8,2,"TABLOID","NorthUS",4,14,9,15,57,25,14,3,33,5,28,36,3,3,25,16,13,7,81,3,"band"
"52",141,"X821","BELK",193,"YES","KEY","YES","BENTON","GALLATIN","UNCOATED","UNCOATED","NO","LINE","YES","Motter94",8,2,"TABLOID","NorthUS",4,16,9,9,52,19,14,5,33,8,28,36,14,3,25,16,13,7,81,3,"band"
"53",139,"X118","TOYSRUS",136,"NO","KEY","NO","BENTON","GALLATIN","COATED","COATED","NO","LINE","NO","Motter94",7,2,"TABLOID","CANADIAN",3,11,14,6,31,15,14,13,3,38,60,87,3,3,7,16,6,7,17,3,"noband"
"54",139,"X826","TOYSRUS",136,"NO","KEY","NO","BENTON","GALLATIN","COATED","COATED","NO","LINE","NO","Motter94",7,9,"TABLOID","CANADIAN",4,11,14,11,52,15,19,10,3,38,60,87,3,3,7,16,6,7,14,3,"noband"
"55",138,"R23","TARGET",132,"NO","KEY","YES","BENTON","GALLATIN","COATED","COATED","NO","LINE","YES","WoodHoe70",4,9,"SPIEGEL","CANADIAN",4,11,3,9,61,32,13,15,3,58,73,55,3,3,25,15,4,7,14,3,"noband"
"57",137,"I354","SEARS",217,"NO","KEY","YES","BENTON","GALLATIN","UNCOATED","COATED","NO","LINE","YES","Albert70",2,7,"CATALOG","NorthUS",4,9,6,18,4,9,14,28,88,14,60,46,3,3,19,16,3,7,14,3,"noband"
"58",137,"I358","SEARS",217,"NO","KEY","YES","BENTON","GALLATIN","UNCOATED","COATED","NO","LINE","YES","Albert70",2,2,"CATALOG","NorthUS",4,9,6,19,44,17,14,32,3,14,73,55,3,3,29,24,3,7,14,3,"noband"
"59",139,"X760","TVGUIDE",28,"YES","KEY","YES","BENTON","GALLATIN","UNCOATED","UNCOATED","NO","LINE","YES","Motter94",6,7,"TABLOID","NorthUS",4,18,14,6,27,8,13,10,13,45,34,49,11,3,24,13,3,7,81,3,"band"
"60",146,"E26","KMART",202,"YES","KEY","YES","BENTON","GALLATIN","UNCOATED","UNCOATED","NO","LINE","YES","Motter94",8,2,"TABLOID","SouthUS",3,11,15,15,68,25,19,15,117,61,44,44,10,3,23,16,11,7,3,3,"band"
"62",143,"E69","KMART",202,"YES","KEY","YES","BENTON","GALLATIN","UNCOATED","UNCOATED","NO","LINE","YES","Motter94",8,2,"TABLOID","SouthUS",3,11,7,9,31,24,14,5,121,58,32,64,3,3,25,16,11,7,17,3,"noband"
"63",143,"E77","KMART",202,"YES","KEY","YES","BENTON","GALLATIN","UNCOATED","UNCOATED","NO","LINE","YES","Motter94",8,9,"TABLOID","SouthUS",3,11,7,6,31,26,14,5,23,58,25,70,3,3,25,16,11,7,17,3,"noband"
"67",152,"X791","KMART",202,"YES","KEY","YES","BENTON","GALLATIN","UNCOATED","UNCOATED","NO","LINE","YES","Motter94",7,9,"TABLOID","SouthUS",4,11,8,16,64,32,12,15,3,54,73,55,14,3,16,23,11,7,32,3,"band"
"69",144,"X271","ECKERD",110,"NO","KEY","YES","BENTON","GALLATIN","COATED","COATED","NO","LINE","YES","Motter94",9,9,"TABLOID","CANADIAN",3,9,7,6,48,31,21,15,3,61,73,55,14,3,18,15,4,7,72,3,"noband"
"71",149,"T281","MODMAT",248,"NO","KEY","YES","BENTON","GALLATIN","UNCOATED","UNCOATED","NO","XYLOL","YES","Albert70",2,2,"CATALOG","NorthUS",3,18,11,15,20,15,14,35,107,48,38,72,3,4,32,21,11,7,47,3,"noband"
"72",148,"F067","MODMAT",248,"NO","KEY","YES","BENTON","GALLATIN","UNCOATED","UNCOATED","NO","LINE","YES","WoodHoe70",5,2,"CATALOG","NorthUS",3,28,13,6,38,27,10,19,44,37,9,78,17,3,25,16,11,7,47,3,"noband"
"73",151,"X405","AMES",182,"NO","KEY","YES","BENTON","GALLATIN","COATED","COATED","NO","LINE","YES","Motter94",6,2,"TABLOID","CANADIAN",3,21,5,11,44,22,13,5,94,51,47,67,3,3,6,12,6,7,47,3,"noband"
"80",150,"M402","MODMAT",248,"YES","KEY","YES","BENTON","GALLATIN","UNCOATED","UNCOATED","NO","LINE","YES","Motter70",3,9,"CATALOG","NorthUS",3,20,11,11,34,23,10,16,101,34,44,64,3,3,25,24,11,7,47,3,"noband"
"81",154,"X18","KMART",199,"NO","KEY","YES","BENTON","GALLATIN","UNCOATED","COATED","NO","LINE","YES","Motter94",9,9,"TABLOID","SCANDANAVIAN",3,11,12,6,47,25,20,15,94,48,47,67,3,3,18,16,8,7,17,3,"noband"
"85",157,"X308","ROSES",126,"NO","KEY","YES","BENTON","GALLATIN","COATED","COATED","NO","LINE","YES","Motter94",7,9,"TABLOID","CANADIAN",3,11,11,11,44,27,12,15,94,54,47,67,3,3,21,21,4,7,17,3,"noband"
"93",164,"X838","TVGUIDE",31,"YES","KEY","YES","BENTON","GALLATIN","UNCOATED","UNCOATED","NO","LINE","YES","Motter94",6,7,"TABLOID","NorthUS",4,13,14,13,19,24,13,25,41,51,26,27,18,3,12,13,7,7,3,3,"band"
"94",165,"X89","WOOLWORTH",180,"NO","KEY","NO","BENTON","GALLATIN","COATED","COATED","NO","LINE","YES","Motter94",9,1,"TABLOID","CANADIAN",4,9,12,6,38,3,19,15,3,66,38,114,3,3,3,4,4,7,3,3,"band"
"95",163,"X102","BELK",120,"YES","KEY","YES","BENTON","GALLATIN","UNCOATED","UNCOATED","NO","LINE","NO","Motter94",8,2,"TABLOID","NorthUS",3,12,12,13,31,27,24,5,46,8,25,24,3,3,25,5,11,7,50,3,"noband"
"96",163,"X830","BELK",120,"YES","KEY","YES","BENTON","GALLATIN","UNCOATED","UNCOATED","NO","LINE","NO","Motter94",8,9,"TABLOID","NorthUS",3,14,12,13,38,22,24,5,33,8,28,36,3,3,25,24,11,7,50,3,"noband"
"97",166,"X118","ROSES",127,"NO","KEY","YES","BENTON","GALLATIN","COATED","COATED","NO","LINE","YES","Motter94",7,2,"TABLOID","CANADIAN",3,18,11,13,44,17,17,15,80,79,52,76,3,3,25,13,4,7,14,3,"noband"
"98",166,"X35","ROSES",127,"NO","KEY","YES","BENTON","GALLATIN","COATED","COATED","NO","LINE","YES","Motter94",7,9,"TABLOID","CANADIAN",3,15,11,11,44,27,12,15,120,79,28,79,3,3,25,18,4,7,14,3,"noband"
"99",162,"X390","COLORTILE",212,"NO","KEY","YES","BENTON","GALLATIN","COATED","COATED","NO","LINE","YES","Motter94",7,2,"TABLOID","CANADIAN",4,9,16,9,44,23,17,15,118,54,26,90,3,3,25,19,4,7,17,3,"noband"
"100",162,"X754","COLORTILE",212,"NO","KEY","YES","BENTON","GALLATIN","COATED","COATED","NO","LINE","YES","Motter94",7,9,"TABLOID","CANADIAN",4,9,16,9,44,33,12,15,43,54,11,71,3,3,25,24,4,7,17,3,"noband"
"105",183,"O8","TARGET",134,"NO","KEY","YES","BENTON","GALLATIN","COATED","COATED","NO","LINE","YES","Motter94",8,2,"SPIEGEL","CANADIAN",3,16,36,18,19,25,14,7,3,54,73,55,3,3,20,25,6,7,14,3,"band"
"106",177,"G608","ECKERD",111,"NO","KEY","YES","BENTON","GALLATIN","COATED","COATED","NO","LINE","NO","WoodHoe70",5,2,"TABLOID","CANADIAN",3,11,28,9,31,25,21,13,3,77,66,77,13,3,25,16,4,7,35,3,"band"
"108",178,"R14","TARGET",134,"NO","KEY","YES","BENTON","GALLATIN","COATED","COATED","NO","LINE","YES","WoodHoe70",4,2,"SPIEGEL","CANADIAN",3,11,23,19,38,39,14,7,123,27,38,53,6,3,31,21,6,7,35,3,"band"
"111",181,"X817","TVGUIDE",34,"YES","KEY","YES","BENTON","GALLATIN","UNCOATED","UNCOATED","NO","LINE","YES","Motter94",6,7,"TABLOID","CANADIAN",3,18,24,11,35,23,13,10,80,46,52,76,11,3,25,13,7,7,14,3,"band"
"112",182,"X746","TVGUIDE",34,"YES","KEY","YES","BENTON","GALLATIN","UNCOATED","UNCOATED","NO","LINE","YES","Motter94",6,7,"TABLOID","NorthUS",3,14,25,11,19,23,14,5,80,48,49,79,11,3,18,13,7,7,14,3,"band"
"113",184,"X195","TOYSRUS",141,"NO","KEY","NO","BENTON","GALLATIN","COATED","COATED","NO","LINE","NO","Motter94",7,2,"TABLOID","CANADIAN",3,15,35,18,44,21,17,22,3,54,60,87,11,3,25,18,6,7,14,3,"noband"
"114",184,"X405","TOYSRUS",138,"NO","KEY","NO","BENTON","GALLATIN","COATED","COATED","NO","LINE","YES","Motter94",7,9,"TABLOID","CANADIAN",3,15,35,15,44,29,12,15,8,54,28,24,3,3,25,18,6,7,14,3,"noband"
"117",181,"M410","MODMAT",249,"YES","KEY","YES","BENTON","GALLATIN","UNCOATED","UNCOATED","NO","LINE","NO","Albert70",2,2,"CATALOG","NorthUS",3,18,23,9,17,17,13,29,10,32,30,66,3,3,32,16,11,7,3,3,"noband"
"119",168,"G108","AMES",183,"NO","KEY","YES","BENTON","GALLATIN","COATED","COATED","NO","LINE","YES","WoodHoe70",4,2,"TABLOID","CANADIAN",4,6,31,13,7,41,21,14,3,48,49,104,3,3,25,16,4,7,50,3,"band"
"120",169,"G145","WARDS",192,"NO","KEY","YES","BENTON","GALLATIN","COATED","COATED","NO","LINE","YES","WoodHoe70",4,2,"TABLOID","CANADIAN",4,18,28,11,14,33,23,13,3,23,77,40,3,3,25,16,6,7,32,3,"band"
"121",170,"X356","TVGUIDE",32,"YES","KEY","YES","BENTON","GALLATIN","UNCOATED","UNCOATED","NO","LINE","NO","Motter94",6,7,"TABLOID","NorthUS",4,21,21,13,22,19,13,10,74,45,14,12,6,3,24,15,7,7,14,3,"band"
"122",174,"G95","WARDS",192,"NO","KEY","YES","BENTON","GALLATIN","COATED","COATED","NO","LINE","NO","WoodHoe70",4,2,"TABLOID","CANADIAN",3,9,24,13,36,27,14,5,3,54,83,5,3,3,25,20,6,7,35,3,"band"
"123",174,"X802","HANHOUSE",225,"YES","KEY","YES","BENTON","GALLATIN","UNCOATED","UNCOATED","NO","LINE","NO","Motter94",6,7,"TABLOID","NorthUS",4,21,24,9,31,31,13,10,46,51,32,9,14,3,18,9,7,7,14,3,"band"
"124",172,"X779","TVGUIDE",29,"YES","KEY","YES","BENTON","GALLATIN","UNCOATED","UNCOATED","NO","LINE","NO","Motter94",6,7,"TABLOID","NorthUS",3,21,17,6,31,25,13,5,47,54,21,34,3,3,25,14,7,7,32,3,"band"
"125",174,"T380","MODMAT",249,"YES","KEY","YES","BENTON","GALLATIN","UNCOATED","UNCOATED","NO","LINE","YES","Albert70",2,2,"CATALOG","NorthUS",3,18,18,6,41,37,14,32,3,15,73,55,3,3,32,22,11,7,32,3,"noband"
"126",174,"F146","MODMAT",249,"YES","KEY","YES","BENTON","GALLATIN","UNCOATED","UNCOATED","NO","LINE","YES","Albert70",2,7,"CATALOG","NorthUS",3,18,18,6,38,21,14,36,89,15,64,38,13,3,32,16,11,7,32,3,"noband"
"127",175,"X9","TOYSRUS",137,"NO","KEY","NO","BENTON","GALLATIN","COATED","COATED","NO","LINE","YES","Motter94",7,9,"TABLOID","CANADIAN",4,9,24,9,44,29,12,13,94,61,49,61,3,3,14,7,4,7,14,3,"noband"
"128",175,"X21","TOYSRUS",137,"NO","KEY","NO","BENTON","GALLATIN","COATED","COATED","NO","LINE","YES","Motter94",7,2,"TABLOID","CANADIAN",4,9,24,6,31,27,17,23,116,61,40,56,18,3,14,16,4,7,3,3,"noband"
"129",171,"X220","AMES",184,"NO","KEY","YES","BENTON","GALLATIN","COATED","COATED","NO","LINE","YES","Motter94",7,2,"TABLOID","CANADIAN",4,11,18,6,44,15,17,15,3,79,60,87,18,3,25,24,6,7,14,3,"noband"
"130",171,"X147","AMES",246,"NO","KEY","YES","BENTON","GALLATIN","COATED","COATED","NO","LINE","YES","Motter94",7,9,"TABLOID","CANADIAN",4,11,18,9,44,17,12,15,3,79,60,87,18,3,12,8,6,7,14,3,"noband"
"133",168,"F685","BESTPROD",216,"NO","KEY","YES","BENTON","GALLATIN","UNCOATED","COATED","NO","LINE","YES","WoodHoe70",5,9,"CATALOG","NorthUS",4,11,22,6,42,23,10,22,94,43,47,67,3,3,25,24,8,7,14,3,"noband"
"134",168,"F569","BESTPROD",216,"NO","KEY","YES","BENTON","GALLATIN","UNCOATED","COVER","NO","LINE","YES","WoodHoe70",5,2,"CATALOG","NorthUS",4,11,22,6,37,25,10,19,95,43,52,50,3,3,25,18,8,7,14,3,"noband"
"135",174,"X139","HANHOUSE",225,"YES","KEY","YES","BENTON","GALLATIN","UNCOATED","UNCOATED","NO","LINE","NO","Motter94",6,2,"TABLOID","NorthUS",4,21,13,11,38,26,13,5,46,51,43,24,14,3,25,16,7,7,3,3,"noband"
"136",176,"X12","TVGUIDE",33,"YES","KEY","YES","BENTON","GALLATIN","UNCOATED","UNCOATED","NO","LINE","NO","Motter94",6,7,"TABLOID","NorthUS",3,19,32,18,38,29,13,15,3,48,82,7,14,3,25,15,7,7,14,3,"band"
"137",173,"G518","ECKERD",111,"NO","KEY","YES","BENTON","GALLATIN","COATED","COATED","NO","LINE","NO","WoodHoe70",5,9,"TABLOID","CANADIAN",3,11,24,9,52,26,10,13,3,74,67,76,3,3,25,24,4,7,32,3,"band"
"138",191,"X116","ECKERD",112,"NO","KEY","YES","BENTON","GALLATIN","COATED","COATED","NO","LINE","YES","Motter94",7,2,"TABLOID","CANADIAN",3,14,22,15,38,23,17,15,94,71,47,67,11,3,25,21,4,7,32,3,"noband"
"139",190,"X818","KMART",200,"NO","KEY","YES","BENTON","GALLATIN","UNCOATED","COATED","NO","LINE","YES","Motter94",9,2,"TABLOID","SCANDANAVIAN",3,16,36,18,44,27,14,15,3,71,60,87,3,3,12,16,8,7,32,3,"noband"
"140",190,"X346","KMART",200,"NO","KEY","YES","BENTON","GALLATIN","UNCOATED","COATED","NO","LINE","YES","Motter94",9,9,"TABLOID","SCANDANAVIAN",3,16,36,16,44,27,14,15,3,71,32,116,3,3,12,12,8,7,32,3,"noband"
"141",191,"X103","ECKERD",112,"NO","KEY","YES","BENTON","GALLATIN","COATED","COATED","NO","LINE","YES","Motter94",7,9,"TABLOID","CANADIAN",3,14,22,17,38,21,12,23,13,71,34,49,11,3,25,26,4,7,32,3,"noband"
"142",189,"E74","KMART",200,"NO","KEY","YES","BENTON","GALLATIN","UNCOATED","COATED","NO","LINE","NO","Motter94",8,2,"TABLOID","CANADIAN",4,10,38,15,30,11,14,13,80,23,54,69,3,3,25,16,11,7,38,3,"noband"
"143",189,"E86","KMART",200,"NO","KEY","YES","BENTON","GALLATIN","UNCOATED","COATED","NO","LINE","YES","Motter94",8,9,"TABLOID","CANADIAN",4,10,38,18,31,12,14,10,92,23,43,78,3,3,23,15,11,7,35,3,"noband"
"144",187,"X396","WARDS",194,"NO","KEY","YES","BENTON","GALLATIN","COATED","COATED","NO","LINE","YES","Motter94",7,2,"TABLOID","CANADIAN",4,16,28,18,26,21,17,5,116,30,40,56,3,3,18,24,8,7,50,3,"noband"
"146",185,"X29","ROSES",128,"NO","KEY","YES","BENTON","GALLATIN","COATED","COATED","NO","LINE","YES","Motter94",9,2,"TABLOID","CANADIAN",3,11,30,11,44,31,20,17,3,66,60,87,14,3,11,16,4,7,32,3,"noband"
"147",176,"G518","ECKERD",111,"NO","KEY","YES","BENTON","GALLATIN","COATED","COATED","NO","LINE","YES","WoodHoe70",5,9,"TABLOID","CANADIAN",3,11,32,6,38,32,21,11,3,79,60,87,3,3,25,16,4,7,14,3,"noband"
"148",176,"G608","ECKERD",111,"NO","KEY","YES","BENTON","GALLATIN","COATED","COATED","NO","LINE","YES","WoodHoe70",5,2,"TABLOID","CANADIAN",3,11,32,9,31,29,14,16,3,79,66,77,13,3,25,16,4,7,35,3,"noband"
"149",188,"M337","MODMAT",249,"YES","KEY","YES","BENTON","GALLATIN","UNCOATED","UNCOATED","NO","LINE","NO","Albert70",2,7,"CATALOG","NorthUS",3,18,37,17,57,29,14,32,3,38,73,55,3,3,32,16,11,7,32,3,"band"
"150",187,"X381","WARDS",194,"NO","KEY","YES","BENTON","GALLATIN","COATED","COATED","NO","LINE","NO","Motter94",7,9,"TABLOID","CANADIAN",4,18,28,18,44,23,12,13,94,30,47,67,3,3,7,8,8,7,50,3,"noband"
"154",190,"Y216","KMART",191,"NO","KEY","YES","BENTON","GALLATIN","UNCOATED","COATED","NO","LINE","YES","WoodHoe70",4,9,"TABLOID","SCANDANAVIAN",4,9,36,18,34,37,19,15,97,23,64,26,6,3,25,16,8,7,38,3,"band"
"157",195,"X390","AMES",185,"NO","KEY","YES","BENTON","GALLATIN","COATED","COATED","NO","LINE","YES","Motter94",9,2,"TABLOID","CANADIAN",3,11,24,13,57,29,14,15,3,82,34,115,3,3,18,16,6,7,17,3,"noband"
"158",195,"X831","WARDS",185,"NO","KEY","YES","BENTON","GALLATIN","COATED","COATED","NO","LINE","YES","Motter94",9,9,"TABLOID","CANADIAN",3,6,24,12,57,19,14,15,3,82,34,115,3,3,18,16,6,7,17,3,"noband"
"159",196,"G78","WARDS",205,"NO","KEY","YES","BENTON","GALLATIN","COATED","COATED","NO","LINE","YES","WoodHoe70",4,2,"TABLOID","CANADIAN",3,6,37,13,44,44,14,20,3,60,73,55,3,3,28,16,6,7,3,3,"noband"
"160",196,"X158","ROSES",129,"NO","KEY","YES","BENTON","GALLATIN","COATED","COATED","NO","LINE","YES","Motter94",8,2,"TABLOID","CANADIAN",3,14,37,11,40,19,14,6,94,80,47,67,3,3,30,18,4,7,17,3,"noband"
"161",196,"X804","ROSES",214,"NO","KEY","YES","BENTON","GALLATIN","COATED","COATED","NO","LINE","YES","Motter94",8,9,"TABLOID","CANADIAN",3,14,37,11,47,23,14,7,94,80,47,67,3,3,27,11,4,7,17,3,"noband"
"162",196,"G69","WARDS",205,"NO","KEY","YES","BENTON","GALLATIN","COATED","COATED","NO","LINE","NO","WoodHoe70",4,9,"TABLOID","CANADIAN",3,8,37,6,38,41,14,15,4,60,34,95,3,3,25,16,6,7,3,3,"noband"
"164",201,"I343","MASSEY",220,"YES","KEY","YES","BENTON","GALLATIN","UNCOATED","UNCOATED","NO","LINE","NO","WoodHoe70",5,9,"CATALOG","NorthUS",3,14,33,13,50,25,14,17,80,38,52,76,14,3,25,16,7,7,32,3,"band"
"165",200,"R2","SHEPLERS",118,"YES","KEY","YES","BENTON","GALLATIN","UNCOATED","UNCOATED","NO","LINE","YES","WoodHoe70",5,2,"SPIEGEL","NorthUS",3,11,36,13,19,35,14,17,3,44,66,77,13,3,25,16,11,7,14,3,"band"
"166",199,"X760","WARDS",189,"NO","KEY","YES","BENTON","GALLATIN","UNCOATED","COATED","NO","LINE","YES","Motter94",7,9,"TABLOID","CANADIAN",3,11,32,6,52,29,12,15,60,54,54,78,3,3,10,13,4,7,32,3,"band"
"167",198,"I383","CHILDCRAFT",175,"YES","KEY","YES","BENTON","GALLATIN","UNCOATED","COVER","NO","LINE","YES","WoodHoe70",4,2,"CATALOG","NorthUS",3,11,33,11,48,26,13,15,3,23,73,55,14,3,25,16,9,7,32,3,"band"
"169",193,"Y255","KMART",200,"NO","KEY","YES","BENTON","GALLATIN","UNCOATED","COATED","NO","LINE","YES","WoodHoe70",4,9,"TABLOID","NorthUS",4,9,30,18,26,41,21,20,3,54,75,48,3,3,25,16,8,7,38,3,"band"
"171",192,"AA11","KMART",200,"NO","KEY","YES","BENTON","GALLATIN","UNCOATED","COATED","NO","LINE","YES","Motter94",8,9,"TABLOID","NorthUS",3,13,26,18,31,23,21,5,92,58,43,78,3,3,25,16,8,7,21,3,"band"
"175",204,"X367","WARDS",207,"NO","KEY","YES","BENTON","GALLATIN","COATED","COATED","NO","LINE","NO","Motter94",7,9,"TABLOID","CANADIAN",3,11,32,9,37,35,12,9,86,49,46,77,11,3,18,21,4,7,32,3,"noband"
"176",204,"X793","WARDS",207,"NO","KEY","YES","BENTON","GALLATIN","COATED","COATED","NO","LINE","NO","Motter94",7,2,"TABLOID","CANADIAN",3,11,32,6,44,23,17,8,89,49,64,38,13,3,18,11,4,7,32,3,"noband"
"177",13,"F679","MODMAT",242,"YES","KEY","YES","BENTON","GALLATIN","UNCOATED","UNCOATED","NO","LINE","YES","WoodHoe70",5,9,"CATALOG","NorthUS",3,16,31,13,51,31,10,12,68,48,4,59,16,3,26,6,11,4,75,3,"band"
"178",10,"F242","MODMAT",242,"YES","KEY","YES","BENTON","GALLATIN","UNCOATED","UNCOATED","NO","XYLOL","YES","WoodHoe70",5,9,"CATALOG","NorthUS",3,18,18,13,26,31,6,9,68,23,4,59,3,3,33,9,11,4,20,3,"band"
"180",15,"I331","AUSTADS",60,"YES","KEY","YES","BENTON","GALLATIN","UNCOATED","UNCOATED","NO","XYLOL","YES","WoodHoe70",4,9,"CATALOG","NorthUS",4,19,22,21,44,29,19,7,41,84,26,28,3,3,25,17,13,7,75,3,"band"
"181",3,"O21","TARGET",72,"NO","KEY","YES","BENTON","GALLATIN","COATED","COATED","NO","LINE","NO","Motter94",8,2,"SPIEGEL","CANADIAN",3,11,9,9,19,26,14,5,3,26,70,62,16,3,34,26,6,4,80,3,"noband"
"182",5,"J68","WARDS",144,"NO","KEY","YES","BENTON","GALLATIN","COATED","COATED","NO","LINE","YES","WoodHoe70",4,9,"TABLOID","CANADIAN",3,14,10,9,31,23,14,15,3,67,60,87,3,3,25,16,4,5,3,3,"noband"
"183",5,"J42","WARDS",144,"NO","KEY","YES","BENTON","GALLATIN","COATED","COATED","NO","LINE","YES","WoodHoe70",4,2,"TABLOID","CANADIAN",3,14,10,9,44,31,13,13,3,67,43,111,3,3,25,16,4,5,3,3,"noband"
"184",19,"F331","NATLWILDLIFE",167,"YES","KEY","YES","BENTON","GALLATIN","UNCOATED","UNCOATED","NO","LINE","YES","Albert70",2,7,"CATALOG","NorthUS",4,21,22,11,31,17,13,37,80,30,52,76,3,3,7,7,12,7,20,3,"noband"
"185",19,"F571","NATLWILDLIFE",167,"YES","KEY","YES","BENTON","GALLATIN","UNCOATED","COVER","NO","LINE","NO","Albert70",2,2,"CATALOG","NorthUS",4,23,22,11,38,27,13,34,3,30,73,55,3,3,32,8,12,7,20,3,"noband"
"187",2,"G467","ECKERD",86,"NO","KEY","YES","BENTON","GALLATIN","COATED","COATED","NO","LINE","YES","WoodHoe70",4,2,"TABLOID","NorthUS",3,11,6,13,44,39,13,10,6,54,40,110,3,3,25,17,4,4,4,3,"noband"
"188",16,"F227","JAMESWAY",160,"NO","KEY","YES","BENTON","GALLATIN","UNCOATED","COATED","NO","LINE","YES","WoodHoe70",4,1,"CATALOG","CANADIAN",4,18,28,13,19,22,13,18,3,58,78,29,3,3,3,4,8,7,80,3,"band"
"189",6,"G496","BURDINES",85,"YES","KEY","YES","BENTON","GALLATIN","UNCOATED","UNCOATED","NO","XYLOL","YES","WoodHoe70",5,9,"TABLOID","NorthUS",3,14,17,6,44,19,8,22,37,34,27,31,3,3,25,5,9,4,80,3,"band"
"191",2,"X203","TVGUIDE",9,"YES","KEY","YES","BENTON","GALLATIN","UNCOATED","UNCOATED","NO","LINE","NO","Motter94",6,7,"TABLOID","NorthUS",4,16,9,15,61,21,10,15,50,54,10,60,11,3,25,16,11,4,3,3,"band"
"192",4,"T313","EXXON",166,"YES","KEY","YES","BENTON","GALLATIN","UNCOATED","UNCOATED","NO","LINE","YES","Albert70",2,2,"CATALOG","NorthUS",3,16,20,11,23,44,14,34,22,30,38,33,3,3,32,16,11,4,3,3,"band"
"193",19,"R4","TARGET",73,"NO","KEY","YES","BENTON","GALLATIN","COATED","COATED","NO","LINE","YES","WoodHoe70",5,9,"SPIEGEL","CANADIAN",4,10,22,13,26,27,21,5,16,79,43,29,3,3,25,7,4,7,20,3,"noband"
"195",14,"X400","WARDS",145,"NO","KEY","YES","BENTON","GALLATIN","COATED","COATED","NO","LINE","YES","Motter94",8,2,"TABLOID","CANADIAN",3,14,23,13,31,22,14,10,3,74,65,78,3,3,18,31,4,4,74,3,"noband"
"196",7,"O6","TARGET",72,"NO","KEY","YES","BENTON","GALLATIN","UNCOATED","COATED","NO","LINE","NO","Motter94",8,9,"TABLOID","CANADIAN",3,11,16,13,31,29,21,20,3,39,63,82,3,3,12,24,5,4,3,3,"noband"
"197",7,"O14","TARGET",72,"NO","KEY","YES","BENTON","GALLATIN","UNCOATED","COATED","NO","LINE","NO","Motter94",8,2,"TABLOID","CANADIAN",3,11,16,15,31,22,21,15,3,39,70,62,3,3,25,34,6,4,16,3,"noband"
"198",8,"T244","MODMAT",242,"YES","KEY","YES","BENTON","GALLATIN","UNCOATED","UNCOATED","NO","LINE","NO","Albert70",2,7,"CATALOG","NorthUS",3,18,20,6,19,27,14,37,86,38,44,82,3,3,25,16,11,4,3,3,"band"
"201",9,"T78","MODMAT",242,"YES","KEY","YES","BENTON","GALLATIN","UNCOATED","UNCOATED","NO","LINE","YES","Albert70",2,2,"CATALOG","NorthUS",3,30,22,6,26,29,14,32,59,54,51,90,3,3,32,15,11,4,3,3,"noband"
"203",11,"F672","MODMAT",242,"YES","KEY","YES","BENTON","GALLATIN","UNCOATED","UNCOATED","NO","LINE","YES","WoodHoe70",5,2,"CATALOG","NorthUS",3,24,18,13,31,19,14,15,42,38,10,76,6,3,32,8,11,4,3,3,"band"
"205",14,"X713","TOYSRUS",94,"NO","KEY","NO","BENTON","GALLATIN","COATED","COATED","NO","LINE","YES","Motter94",7,2,"TABLOID","NorthUS",3,18,16,9,38,15,17,15,3,54,53,99,8,3,12,16,4,4,3,3,"noband"
"206",9,"M432","HOMESHOPPING",172,"NO","KEY","YES","BENTON","GALLATIN","COATED","COATED","NO","LINE","YES","WoodHoe70",4,9,"CATALOG","CANADIAN",3,11,22,9,31,27,14,13,3,48,60,87,3,3,25,19,4,4,3,3,"noband"
"207",9,"M257","HOMESHOPPING",172,"NO","KEY","YES","BENTON","GALLATIN","COATED","COATED","NO","LINE","YES","WoodHoe70",4,2,"CATALOG","CANADIAN",3,11,22,13,31,35,14,13,3,48,60,87,3,3,25,19,4,4,3,3,"noband"
"210",25,"X787","HANOVERHOUSEE",45,"YES","KEY","YES","BENTON","GALLATIN","UNCOATED","COVER","NO","LINE","NO","Motter94",6,7,"TABLOID","NorthUS",3,20,30,19,26,42,14,5,3,56,60,87,3,3,18,16,9,5,3,3,"band"
"211",17,"F590","NATLWILDLIFE",167,"YES","KEY","YES","BENTON","GALLATIN","UNCOATED","UNCOATED","NO","LINE","NO","Albert70",2,2,"CATALOG","NorthUS",3,18,24,6,23,5,14,38,3,30,46,107,3,3,32,16,12,5,3,3,"band"
"214",24,"R17","TARGET",74,"NO","KEY","YES","BENTON","GALLATIN","COATED","COATED","NO","LINE","YES","WoodHoe70",4,9,"SPIEGEL","CANADIAN",3,6,26,19,43,28,13,15,3,63,73,55,8,3,25,16,4,5,64,3,"noband"
"215",24,"R29","TARGET",74,"NO","KEY","YES","BENTON","GALLATIN","COATED","COATED","NO","LINE","YES","WoodHoe70",4,2,"SPIEGEL","CANADIAN",3,6,26,15,50,25,13,15,3,63,60,87,8,3,25,16,4,5,64,3,"noband"
"216",22,"X423","WARDS",170,"NO","KEY","YES","BENTON","GALLATIN","COATED","COATED","NO","LINE","YES","Motter94",7,2,"TABLOID","CANADIAN",3,6,19,13,44,17,17,5,3,71,60,87,3,3,12,9,4,5,20,3,"noband"
"217",22,"X414","WARDS",170,"NO","KEY","YES","BENTON","GALLATIN","COATED","COATED","YES","LINE","YES","Motter94",7,9,"TABLOID","CANADIAN",3,6,19,15,44,23,19,10,57,71,8,61,13,3,9,8,4,5,20,3,"noband"
"218",24,"X84","WARDS",146,"NO","KEY","YES","BENTON","GALLATIN","COATED","COATED","NO","LINE","YES","Motter94",8,9,"TABLOID","CANADIAN",3,6,26,20,31,44,14,15,3,74,60,87,17,3,22,16,4,5,3,3,"noband"
"219",24,"X96","WARDS",146,"NO","KEY","YES","BENTON","GALLATIN","COATED","COATED","NO","LINE","YES","Motter94",8,2,"TABLOID","CANADIAN",3,6,26,20,31,43,14,15,3,74,60,87,17,3,32,12,4,5,3,3,"noband"
"220",19,"G407","CHILDWORLD",143,"YES","KEY","YES","BENTON","GALLATIN","COATED","UNCOATED","NO","LINE","NO","WoodHoe70",4,9,"TABLOID","CANADIAN",3,20,22,19,50,37,14,22,3,48,73,64,3,3,31,18,6,5,3,3,"noband"
"221",19,"G150","CHILDWORLD",143,"YES","KEY","YES","BENTON","GALLATIN","COATED","UNCOATED","NO","LINE","NO","WoodHoe70",4,2,"TABLOID","CANADIAN",3,22,22,9,31,29,14,22,3,48,60,87,3,3,18,16,6,5,3,3,"noband"
"225",27,"I301","GLOBAL",165,"YES","KEY","YES","BENTON","GALLATIN","UNCOATED","COVER","NO","LINE","YES","Albert70",2,7,"CATALOG","NorthUS",3,18,27,17,7,39,13,31,3,8,60,87,3,3,32,18,11,5,3,3,"band"
"226",28,"F135","CASUALLIVING",229,"YES","KEY","YES","BENTON","GALLATIN","UNCOATED","UNCOATED","NO","LINE","NO","WoodHoe70",4,9,"CATALOG","NorthUS",3,23,23,15,19,33,14,15,28,38,27,51,3,3,31,15,7,5,3,3,"noband"
"227",28,"T178","CASUALLIVING",229,"YES","KEY","YES","BENTON","GALLATIN","UNCOATED","UNCOATED","NO","LINE","NO","WoodHoe70",4,2,"CATALOG","NorthUS",3,21,23,13,7,33,14,13,32,38,25,54,3,3,32,13,7,5,3,3,"noband"
"231",30,"X95","TVGUIDE",11,"YES","KEY","YES","BENTON","GALLATIN","UNCOATED","UNCOATED","NO","LINE","NO","Motter94",6,7,"TABLOID","NorthUS",3,21,17,9,40,27,21,15,84,56,5,4,6,3,27,16,11,6,3,3,"band"
"233",28,"I347","GLOBALEQUP",165,"NO","KEY","YES","BENTON","GALLATIN","UNCOATED","UNCOATED","NO","LINE","NO","Albert70",2,2,"CATALOG","NorthUS",3,27,33,18,19,3,14,23,105,6,57,30,3,3,25,16,11,5,3,3,"band"
"237",31,"J6","YIELDHOUSE",57,"YES","KEY","YES","BENTON","GALLATIN","UNCOATED","UNCOATED","NO","LINE","YES","WoodHoe70",5,9,"TABLOID","NorthUS",4,26,15,5,57,22,14,15,34,38,21,60,3,3,32,8,11,7,80,3,"band"
"238",33,"X135","AMES",80,"NO","KEY","YES","BENTON","GALLATIN","COATED","COATED","NO","LINE","YES","Motter94",8,9,"TABLOID","CANADIAN",4,11,15,6,31,22,14,10,3,61,69,67,3,3,24,18,6,7,80,3,"noband"
"239",32,"X151","TVGUIDE",12,"YES","KEY","YES","BENTON","GALLATIN","UNCOATED","UNCOATED","NO","LINE","YES","Motter94",6,2,"TABLOID","NorthUS",4,14,15,6,19,27,14,5,52,48,12,51,3,3,25,13,11,7,80,3,"noband"
"241",34,"T245","MASSEY",163,"YES","KEY","YES","BENTON","GALLATIN","UNCOATED","UNCOATED","NO","LINE","YES","WoodHoe70",4,2,"CATALOG","NorthUS",3,24,26,15,34,40,21,10,3,34,48,21,3,3,25,16,11,5,3,3,"band"
"242",35,"F374","MASSEY",163,"YES","KEY","YES","BENTON","GALLATIN","UNCOATED","UNCOATED","NO","LINE","NO","WoodHoe70",4,2,"CATALOG","NorthUS",3,18,26,17,13,3,14,20,3,45,46,107,13,3,27,8,11,5,3,3,"band"
"245",36,"T234","MASSEY",163,"YES","KEY","YES","BENTON","GALLATIN","UNCOATED","UNCOATED","NO","XYLOL","YES","WoodHoe70",4,9,"CATALOG","NorthUS",3,10,24,13,19,29,13,13,3,38,60,87,11,3,25,8,11,5,3,3,"noband"
"248",33,"X281","AMES",80,"NO","KEY","YES","BENTON","GALLATIN","COATED","COATED","NO","LINE","YES","Motter94",8,2,"TABLOID","CANADIAN",4,14,23,6,19,20,14,15,3,61,69,67,3,3,25,13,6,7,77,3,"band"
"249",36,"X346","HILLS",91,"NO","KEY","YES","BENTON","GALLATIN","COATED","COATED","NO","LINE","YES","Motter94",7,9,"TABLOID","CANADIAN",4,6,24,6,28,34,19,5,3,63,60,87,9,3,12,9,4,7,77,3,"noband"
"250",36,"X235","HILLS",91,"NO","KEY","YES","BENTON","GALLATIN","COATED","COATED","NO","LINE","YES","Motter94",7,2,"TABLOID","CANADIAN",3,11,24,15,36,33,17,17,3,63,60,87,9,3,21,13,4,5,3,3,"noband"
"253",40,"T8","REI",159,"YES","KEY","YES","BENTON","GALLATIN","UNCOATED","UNCOATED","NO","XYLOL","NO","WoodHoe70",5,2,"CATALOG","NorthUS",4,24,24,13,44,34,13,11,13,18,28,68,13,3,32,21,11,7,71,3,"band"
"254",41,"F257","REI",159,"YES","KEY","YES","BENTON","GALLATIN","UNCOATED","UNCOATED","NO","LINE","NO","Albert70",2,2,"CATALOG","NorthUS",3,24,21,13,61,4,13,32,73,30,3,50,3,3,32,11,11,5,25,3,"noband"
"255",40,"F261","REI",159,"YES","KEY","YES","BENTON","GALLATIN","UNCOATED","UNCOATED","NO","LINE","NO","Albert70",2,7,"CATALOG","NorthUS",3,23,21,17,26,17,13,36,64,30,6,57,13,3,32,16,11,5,25,3,"noband"
"256",39,"F264","USCAV",123,"YES","KEY","YES","BENTON","GALLATIN","UNCOATED","UNCOATED","NO","LINE","NO","Albert70",2,7,"CATALOG","NorthUS",4,26,29,13,19,32,14,32,81,35,52,75,11,3,32,16,5,7,71,3,"noband"
"257",39,"F294","USCAV",123,"YES","KEY","YES","BENTON","GALLATIN","UNCOATED","UNCOATED","NO","LINE","NO","Albert70",2,2,"CATALOG","NorthUS",3,27,29,17,29,27,8,27,58,35,7,60,3,3,32,16,5,5,25,3,"noband"
"260",39,"X351","ROSES",100,"NO","KEY","YES","BENTON","GALLATIN","COATED","COATED","NO","LINE","NO","Motter94",6,2,"TABLOID","CANADIAN",3,14,29,18,19,25,14,5,76,61,8,11,3,3,25,13,4,5,25,3,"noband"
"261",39,"X25","ROSES",100,"NO","KEY","YES","BENTON","GALLATIN","COATED","COATED","NO","LINE","YES","Motter94",6,7,"TABLOID","CANADIAN",3,18,29,15,8,17,14,10,70,61,5,47,16,3,25,13,4,5,25,3,"noband"
"264",38,"X753","WARDS",149,"NO","KEY","YES","BENTON","GALLATIN","COATED","COATED","NO","LINE","YES","Motter94",8,9,"TABLOID","CANADIAN",4,11,22,6,31,19,14,20,3,81,59,89,3,3,20,18,4,7,3,3,"noband"
"265",38,"X823","WARDS",149,"NO","KEY","YES","BENTON","GALLATIN","COATED","COATED","NO","LINE","YES","Motter94",8,2,"TABLOID","CANADIAN",4,11,22,17,31,25,14,5,3,81,69,67,3,3,25,11,4,7,3,3,"noband"
"266",37,"X60","WARDS",149,"NO","KEY","YES","BENTON","GALLATIN","COATED","COATED","NO","LINE","YES","Motter94",7,9,"TABLOID","CANADIAN",3,14,22,6,31,27,17,5,3,58,60,87,3,3,12,9,6,5,54,3,"noband"
"270",42,"F131","DOWNS",4,"YES","KEY","YES","BENTON","GALLATIN","UNCOATED","UNCOATED","NO","LINE","YES","WoodHoe70",5,2,"CATALOG","NorthUS",3,23,22,17,48,26,10,8,56,23,21,19,16,3,32,16,5,5,67,3,"noband"
"271",41,"F76","REI",159,"YES","KEY","YES","BENTON","GALLATIN","UNCOATED","UNCOATED","NO","LINE","NO","Albert70",2,2,"CATALOG","NorthUS",3,24,21,15,52,35,14,34,73,27,3,50,3,3,32,13,11,5,24,3,"noband"
"272",42,"F383","DOWNS",4,"YES","KEY","YES","BENTON","GALLATIN","UNCOATED","UNCOATED","NO","LINE","YES","WoodHoe70",5,9,"CATALOG","NorthUS",3,21,22,13,42,26,10,15,26,23,31,42,3,3,32,8,5,5,67,3,"noband"
"273",41,"F374","REI",159,"YES","KEY","YES","BENTON","GALLATIN","UNCOATED","UNCOATED","NO","LINE","NO","Albert70",2,7,"CATALOG","NorthUS",3,24,21,13,28,17,14,32,64,27,6,57,13,3,32,16,11,5,54,3,"noband"
"282",49,"W717","SHEPLERS",162,"YES","KEY","YES","BENTON","GALLATIN","UNCOATED","UNCOATED","NO","XYLOL","YES","Albert70",2,7,"CATALOG","NorthUS",3,14,18,6,26,17,14,25,91,38,34,95,3,3,32,13,11,9,3,3,"noband"
"283",49,"W516","SHEPLERS",162,"YES","KEY","YES","BENTON","GALLATIN","UNCOATED","UNCOATED","NO","XYLOL","YES","Albert70",2,2,"SPIEGEL","NorthUS",3,11,18,11,13,22,14,27,3,38,60,87,3,3,32,9,11,5,3,3,"noband"
"284",48,"X35","TVGUIDE",13,"YES","KEY","YES","BENTON","GALLATIN","UNCOATED","UNCOATED","NO","LINE","YES","Motter94",6,7,"TABLOID","NorthUS",3,18,18,6,48,22,14,10,79,51,44,92,11,3,27,15,11,5,3,3,"noband"
"285",52,"F633","DUNNS",228,"YES","KEY","YES","BENTON","GALLATIN","UNCOATED","UNCOATED","NO","LINE","NO","Albert70",2,7,"CATALOG","mideuropean",3,14,22,15,29,17,14,32,28,15,43,15,3,3,32,15,3,5,39,3,"noband"
"286",52,"M200","DUNNS",228,"YES","KEY","YES","BENTON","GALLATIN","UNCOATED","UNCOATED","NO","LINE","NO","Albert70",2,2,"CATALOG","mideuropean",3,14,22,9,23,14,14,27,25,15,31,42,3,3,32,9,3,5,39,3,"noband"
"287",51,"R15","TARGET",75,"NO","KEY","YES","BENTON","GALLATIN","COATED","COATED","NO","LINE","NO","WoodHoe70",4,2,"SPIEGEL","CANADIAN",4,14,22,11,19,37,14,15,3,58,60,87,3,3,32,16,6,7,20,3,"noband"
"292",53,"R22","TARGET",75,"NO","KEY","YES","BENTON","GALLATIN","COATED","COATED","NO","LINE","YES","WoodHoe70",5,9,"SPIEGEL","CANADIAN",3,14,22,5,61,37,10,11,114,52,32,74,3,3,32,16,6,5,39,3,"noband"
"293",51,"R23","TARGET",75,"NO","KEY","YES","BENTON","GALLATIN","COATED","COATED","NO","LINE","YES","WoodHoe70",4,9,"SPIEGEL","CANADIAN",3,14,22,17,31,3,14,18,60,58,52,84,3,3,28,15,6,5,39,3,"noband"
"297",54,"X132","LAZARUS",47,"YES","KEY","YES","BENTON","GALLATIN","UNCOATED","UNCOATED","NO","LINE","NO","Motter94",9,10,"TABLOID","CANADIAN",3,6,24,17,28,30,21,15,15,30,40,37,3,6,26,19,11,5,3,3,"noband"
"298",56,"X377","AMES",81,"NO","KEY","YES","BENTON","GALLATIN","COATED","COATED","NO","LINE","YES","Motter94",9,2,"TABLOID","CANADIAN",3,23,25,17,36,31,21,15,56,79,21,18,3,3,32,16,6,7,71,3,"noband"
"301",61,"X197","TVGUIDE",14,"YES","KEY","YES","BENTON","GALLATIN","UNCOATED","UNCOATED","NO","LINE","NO","Motter94",6,7,"TABLOID","NorthUS",4,23,19,15,35,17,13,10,18,51,28,63,13,3,25,13,7,3,3,3,"noband"
"302",61,"X138","TVGUIDE",14,"YES","KEY","YES","BENTON","GALLATIN","UNCOATED","UNCOATED","NO","LINE","NO","Motter94",6,2,"TABLOID","NorthUS",4,23,19,11,40,28,14,10,125,51,25,87,3,3,27,9,7,3,3,3,"noband"
"307",57,"I353","AUSTADS",43,"YES","KEY","YES","BENTON","GALLATIN","UNCOATED","UNCOATED","NO","LINE","NO","Albert70",2,7,"CATALOG","CANADIAN",3,20,23,15,19,17,13,34,111,30,54,25,14,3,32,13,11,9,71,3,"noband"
"309",67,"R6","TARGET",76,"NO","KEY","YES","BENTON","GALLATIN","COATED","COATED","NO","LINE","YES","WoodHoe70",4,1,"SPIEGEL","CANADIAN",3,9,39,17,35,19,21,21,3,66,78,29,3,3,25,16,4,7,70,4,"band"
"310",67,"R6","TARGET",76,"NO","KEY","YES","BENTON","GALLATIN","COATED","COATED","NO","LINE","NO","WoodHoe70",4,1,"SPIEGEL","CANADIAN",3,9,24,11,31,17,21,18,3,76,78,29,3,3,25,16,4,7,71,4,"band"
"312",64,"R7","TARGET",76,"NO","KEY","YES","BENTON","GALLATIN","COATED","COATED","NO","LINE","NO","WoodHoe70",4,1,"SPIEGEL","CANADIAN",3,11,28,6,38,20,14,13,3,51,78,29,3,3,29,16,4,7,3,4,"band"
"313",62,"F126","MODMAT",242,"YES","KEY","YES","BENTON","GALLATIN","UNCOATED","UNCOATED","NO","LINE","NO","Albert70",2,7,"CATALOG","NorthUS",4,24,18,9,26,17,14,27,40,34,15,64,11,3,25,16,11,7,3,3,"noband"
"314",62,"F159","MODMAT",244,"YES","KEY","YES","BENTON","GALLATIN","UNCOATED","UNCOATED","NO","LINE","NO","WoodHoe70",5,2,"CATALOG","NorthUS",3,24,18,11,30,35,8,17,11,38,31,60,16,3,32,21,11,7,20,3,"noband"
"315",62,"F337","MODMAT",242,"YES","KEY","YES","BENTON","GALLATIN","UNCOATED","UNCOATED","NO","LINE","NO","Albert70",2,2,"CATALOG","NorthUS",3,24,18,13,26,8,14,23,56,34,21,18,3,3,25,16,11,7,20,3,"noband"
"316",62,"F679","MODMAT",244,"YES","KEY","YES","UDDEHOLM","GALLATIN","UNCOATED","UNCOATED","NO","LINE","NO","WoodHoe70",5,9,"CATALOG","NorthUS",3,27,18,11,31,33,6,13,13,38,34,49,11,3,25,9,11,7,20,3,"noband"
"321",65,"F679","MODMAT",244,"YES","KEY","YES","BENTON","GALLATIN","UNCOATED","UNCOATED","NO","LINE","YES","WoodHoe70",5,9,"CATALOG","NorthUS",3,27,28,11,26,27,6,22,41,54,26,27,3,3,31,11,11,7,20,3,"noband"
"322",65,"F159","MODMAT",244,"YES","KEY","YES","BENTON","GALLATIN","UNCOATED","UNCOATED","NO","LINE","YES","WoodHoe70",5,2,"CATALOG","NorthUS",3,24,28,11,19,23,8,15,11,54,31,60,16,3,26,18,11,7,20,3,"noband"
"323",68,"R6","TARGET",76,"NO","KEY","YES","BENTON","GALLATIN","COATED","COATED","NO","LINE","NO","WoodHoe70",4,1,"SPIEGEL","CANADIAN",3,11,17,11,19,29,13,15,3,63,78,29,6,3,25,15,4,7,71,4,"band"
"324",71,"G55","KMART",153,"NO","KEY","YES","BENTON","GALLATIN","UNCOATED","COATED","NO","LINE","NO","WoodHoe70",4,1,"TABLOID","NorthUS",3,21,18,4,19,27,13,17,112,58,66,13,3,3,25,15,8,7,69,4,"band"
"325",71,"G55","KMART",153,"NO","KEY","YES","BENTON","GALLATIN","UNCOATED","COATED","NO","LINE","YES","WoodHoe70",4,1,"TABLOID","NorthUS",3,21,16,17,26,23,10,15,112,58,66,13,3,3,25,16,8,7,69,4,"band"
"326",72,"X753","TVGUIDE",16,"YES","KEY","YES","BENTON","GALLATIN","UNCOATED","UNCOATED","NO","LINE","NO","Motter94",6,7,"TABLOID","NorthUS",3,21,18,11,57,36,21,7,12,34,32,55,5,3,25,18,7,7,69,4,"band"
"327",71,"G150","KMART",153,"NO","KEY","YES","BENTON","GALLATIN","UNCOATED","UNCOATED","NO","LINE","YES","WoodHoe70",5,2,"TABLOID","mideuropean",4,21,18,6,57,25,6,17,124,54,33,60,3,3,32,15,8,7,81,4,"band"
"328",70,"X271","TOYSRUS",95,"NO","KEY","NO","BENTON","GALLATIN","COATED","COATED","NO","LINE","YES","Motter94",7,2,"TABLOID","CANADIAN",3,13,16,6,44,17,17,20,3,60,79,18,11,3,14,16,4,7,69,4,"noband"
"329",70,"X251","TOYSRUS",95,"NO","KEY","NO","BENTON","GALLATIN","COATED","COATED","NO","LINE","NO","Motter94",7,9,"TABLOID","CANADIAN",3,13,16,6,31,23,19,15,82,60,67,43,3,3,25,16,4,7,69,4,"noband"
"330",69,"X326","WALMART",158,"NO","KEY","YES","BENTON","GALLATIN","COATED","COATED","NO","LINE","NO","Motter94",8,9,"TABLOID","mideuropean",4,9,16,9,26,23,14,5,3,68,73,55,14,3,27,19,6,7,30,4,"noband"
"331",69,"X206","WALMART",158,"NO","KEY","YES","BENTON","GALLATIN","COATED","COATED","NO","LINE","NO","Motter94",8,2,"TABLOID","mideuropean",4,9,16,13,26,21,14,5,3,68,73,55,14,3,18,19,6,7,30,4,"noband"
"336",75,"G71","KMART",153,"NO","KEY","YES","BENTON","GALLATIN","UNCOATED","UNCOATED","NO","LINE","NO","WoodHoe70",5,9,"TABLOID","NorthUS",4,16,20,13,35,23,14,15,49,38,24,20,3,3,25,13,8,7,59,3,"band"
"337",76,"M74","CASLIVING",232,"YES","KEY","YES","BENTON","GALLATIN","UNCOATED","UNCOATED","NO","LINE","YES","Albert70",2,7,"CATALOG","NorthUS",4,13,20,15,56,27,13,23,3,38,43,111,13,3,32,16,7,7,41,3,"noband"
"338",76,"G67","KMART",153,"NO","KEY","YES","BENTON","GALLATIN","UNCOATED","UNCOATED","NO","LINE","YES","WoodHoe70",4,9,"TABLOID","mideuropean",4,16,21,13,31,19,14,10,72,23,16,14,3,3,25,13,8,7,59,3,"band"
"339",73,"G84","KMART",153,"NO","KEY","YES","BENTON","GALLATIN","UNCOATED","UNCOATED","NO","LINE","YES","WoodHoe70",4,2,"TABLOID","mideuropean",4,16,26,15,19,32,14,13,45,48,23,32,3,3,25,8,8,7,59,3,"band"
"340",70,"G150","KMART",153,"NO","KEY","YES","BENTON","GALLATIN","UNCOATED","UNCOATED","NO","LINE","YES","WoodHoe70",5,2,"TABLOID","mideuropean",3,21,16,9,61,23,6,9,9,30,66,8,3,3,32,15,8,7,69,4,"band"
"341",74,"X828","BRENDLS",237,"NO","KEY","YES","BENTON","GALLATIN","COATED","COATED","NO","LINE","YES","Motter94",6,7,"TABLOID","CANADIAN",4,6,20,15,52,27,13,23,3,48,57,93,6,3,25,7,8,7,41,3,"band"
"342",76,"M65","CASLIVING",232,"YES","KEY","YES","BENTON","GALLATIN","UNCOATED","UNCOATED","NO","LINE","NO","Albert70",2,2,"CATALOG","NorthUS",3,13,20,9,61,17,13,27,3,38,60,87,3,3,32,11,7,7,14,3,"noband"
"343",78,"X367","TVGUIDE",17,"YES","KEY","YES","BENTON","GALLATIN","UNCOATED","UNCOATED","NO","LINE","YES","Motter94",6,7,"TABLOID","NorthUS",4,16,22,13,19,12,13,10,43,23,11,71,14,3,25,16,7,7,58,3,"band"
"346",78,"R34","TARGET",68,"NO","KEY","YES","BENTON","GALLATIN","COATED","UNCOATED","NO","LINE","YES","WoodHoe70",5,9,"SPIEGEL","NorthUS",4,9,18,13,19,21,6,13,3,81,60,87,3,3,25,11,4,7,58,3,"noband"
"347",78,"R15","TARGET",68,"NO","KEY","YES","BENTON","GALLATIN","COATED","UNCOATED","NO","LINE","YES","WoodHoe70",5,2,"SPIEGEL","NorthUS",4,11,18,13,7,21,6,10,3,81,60,87,11,3,25,8,4,7,58,3,"noband"
"348",77,"X420","AMES",82,"NO","KEY","YES","BENTON","GALLATIN","COATED","COATED","NO","LINE","NO","Motter94",8,2,"TABLOID","CANADIAN",4,6,21,15,19,32,14,15,37,73,27,31,3,3,19,24,6,7,52,3,"noband"
"349",77,"X389","AMES",82,"NO","KEY","YES","BENTON","GALLATIN","COATED","COATED","NO","LINE","NO","Motter94",8,9,"TABLOID","CANADIAN",4,6,21,13,31,27,14,15,37,73,27,31,3,3,25,16,6,7,52,3,"noband"
"350",79,"X37","TOYSRUS",96,"NO","KEY","NO","BENTON","GALLATIN","COATED","COATED","NO","LINE","YES","Motter94",7,2,"TABLOID","CANADIAN",4,6,22,15,50,27,17,15,3,61,66,77,13,3,25,19,4,7,58,3,"noband"
"353",85,"X185","TVGUIDE",18,"YES","KEY","YES","BENTON","GALLATIN","UNCOATED","UNCOATED","NO","LINE","YES","Motter94",6,7,"TABLOID","NorthUS",3,20,11,11,31,18,14,13,107,23,38,72,3,3,25,16,7,7,83,3,"band"
"354",86,"X199","KMART",150,"YES","KEY","YES","BENTON","GALLATIN","UNCOATED","UNCOATED","NO","LINE","NO","Motter94",9,2,"TABLOID","NorthUS",3,27,11,6,44,25,14,15,24,61,17,91,3,3,18,16,11,7,3,3,"band"
"355",84,"X251","KMART",150,"YES","KEY","YES","BENTON","GALLATIN","UNCOATED","UNCOATED","NO","LINE","NO","Motter94",9,9,"TABLOID","NorthUS",3,27,10,9,59,3,23,10,49,71,23,22,3,3,25,16,11,7,3,3,"noband"
"356",84,"X199","KMART",150,"YES","KEY","YES","BENTON","GALLATIN","UNCOATED","UNCOATED","NO","LINE","NO","Motter94",9,2,"TABLOID","NorthUS",3,27,10,6,57,27,21,7,37,71,27,31,6,3,25,16,11,7,3,3,"noband"
"361",84,"G98","AMES",83,"NO","KEY","YES","BENTON","GALLATIN","COATED","COATED","NO","LINE","NO","WoodHoe70",4,2,"TABLOID","CANADIAN",3,11,11,9,38,32,14,10,88,58,57,53,3,3,25,16,6,7,76,3,"band"
"363",89,"X129","TVGUIDE",23,"YES","KEY","YES","BENTON","GALLATIN","UNCOATED","UNCOATED","NO","LINE","YES","Motter94",6,7,"TABLOID","NorthUS",3,18,11,11,57,19,13,15,34,30,21,60,3,3,25,16,7,7,76,3,"band"
"364",93,"X243","TVGUIDE",24,"YES","KEY","YES","BENTON","GALLATIN","UNCOATED","UNCOATED","NO","LINE","NO","Motter94",6,7,"TABLOID","NorthUS",4,18,10,6,57,20,9,5,54,48,17,33,11,3,25,16,7,7,3,3,"band"
"365",90,"T281","MODMAT",245,"YES","KEY","YES","BENTON","GALLATIN","UNCOATED","UNCOATED","NO","LINE","YES","Albert70",2,2,"CATALOG","CANADIAN",3,11,11,6,13,23,14,33,86,41,45,81,3,3,32,16,11,7,76,3,"noband"
"366",87,"G81","HILLS",92,"NO","KEY","YES","BENTON","GALLATIN","UNCOATED","COATED","NO","LINE","YES","WoodHoe70",5,9,"TABLOID","NorthUS",3,11,11,11,51,26,7,20,4,79,64,77,4,3,26,18,8,7,76,3,"noband"
"367",91,"G81","HILLS",92,"NO","KEY","YES","BENTON","GALLATIN","UNCOATED","COATED","NO","LINE","NO","WoodHoe70",5,9,"TABLOID","NorthUS",3,11,19,9,31,17,6,9,4,3,64,77,3,3,32,16,8,7,3,3,"band"
"368",90,"G462","WOOLWORTH",104,"NO","KEY","YES","BENTON","GALLATIN","COATED","COATED","NO","LINE","NO","WoodHoe70",4,1,"TABLOID","CANADIAN",3,8,11,6,7,27,14,13,3,23,73,55,3,3,3,4,4,7,3,3,"band"
"370",89,"G640","HILLS",92,"NO","KEY","YES","BENTON","GALLATIN","UNCOATED","COATED","NO","LINE","YES","WoodHoe70",5,7,"TABLOID","NorthUS",3,10,11,6,42,27,10,17,3,79,73,55,16,3,25,15,8,7,76,3,"noband"
"371",87,"O28","TARGET",77,"NO","KEY","YES","BENTON","GALLATIN","COATED","COATED","NO","LINE","YES","Motter94",8,2,"SPIEGEL","CANADIAN",3,14,10,11,30,22,21,10,13,35,34,50,3,3,25,16,4,7,5,3,"noband"
"373",89,"X127","KMART",151,"NO","KEY","YES","BENTON","GALLATIN","UNCOATED","COATED","NO","LINE","NO","Motter94",9,2,"TABLOID","NorthUS",3,14,11,6,44,27,14,15,77,66,30,112,3,3,25,21,8,7,21,3,"noband"
"374",89,"X374","KMART",151,"NO","KEY","YES","BENTON","GALLATIN","UNCOATED","COATED","NO","LINE","NO","Motter94",9,9,"TABLOID","NorthUS",3,18,11,6,38,19,14,15,90,66,29,105,3,3,25,21,8,7,76,3,"noband"
"375",88,"F601","MODMAT",245,"YES","KEY","YES","BENTON","GALLATIN","UNCOATED","UNCOATED","NO","LINE","NO","Albert70",2,7,"CATALOG","NorthUS",3,11,13,9,14,37,14,27,3,12,73,55,3,3,32,11,11,7,76,3,"band"
"376",92,"F601","MODMAT",245,"YES","KEY","YES","BENTON","GALLATIN","UNCOATED","UNCOATED","NO","LINE","NO","Albert70",2,7,"CATALOG","NorthUS",3,11,10,6,31,12,14,34,3,34,73,55,3,3,25,16,11,7,76,3,"band"
"377",96,"X795","BRENDLS",61,"YES","KEY","YES","BENTON","GALLATIN","UNCOATED","UNCOATED","NO","LINE","NO","Motter94",6,7,"TABLOID","NorthUS",3,18,11,11,19,21,13,5,59,48,49,90,3,3,32,16,9,7,78,3,"band"
"378",93,"G604","WOOLWORTH",104,"NO","KEY","YES","BENTON","GALLATIN","COATED","COATED","NO","LINE","YES","WoodHoe70",4,9,"TABLOID","CANADIAN",3,18,15,6,48,21,14,13,15,58,39,39,3,3,25,21,4,7,3,3,"band"
"379",94,"G5","WOOLWORTH",104,"NO","KEY","YES","BENTON","GALLATIN","COATED","COATED","NO","LINE","YES","WoodHoe70",4,2,"TABLOID","CANADIAN",3,18,15,11,44,39,14,20,3,48,80,13,6,3,26,19,4,7,3,3,"band"
"380",101,"W357","TOYSRUS",97,"NO","KEY","NO","BENTON","GALLATIN","COATED","COATED","NO","LINE","YES","WoodHoe70",5,1,"SPIEGEL","CANADIAN",3,8,15,11,47,35,7,13,3,65,73,55,3,3,24,13,4,7,3,3,"noband"
"381",101,"W364","TOYSRUS",97,"NO","KEY","NO","BENTON","GALLATIN","COATED","COATED","NO","LINE","YES","WoodHoe70",5,2,"SPIEGEL","CANADIAN",3,8,15,6,65,26,7,14,3,65,57,93,16,3,25,20,4,7,3,3,"noband"
"382",97,"G60","JCP",99,"NO","KEY","YES","BENTON","GALLATIN","UNCOATED","COATED","NO","LINE","YES","WoodHoe70",5,2,"TABLOID","NorthUS",3,29,11,13,62,25,10,13,35,62,22,55,16,3,32,15,6,7,3,3,"noband"
"383",97,"G412","JCP",99,"NO","KEY","YES","BENTON","GALLATIN","UNCOATED","COATED","NO","LINE","YES","WoodHoe70",5,9,"TABLOID","NorthUS",3,29,11,9,44,24,18,13,42,62,18,56,13,3,15,9,6,7,3,3,"noband"
"384",101,"W406","TOYSRUS",97,"NO","KEY","NO","BENTON","GALLATIN","COATED","COATED","NO","LINE","YES","WoodHoe70",5,9,"SPIEGEL","CANADIAN",3,11,15,6,53,25,17,9,3,65,60,87,3,3,18,13,4,7,3,3,"noband"
"385",95,"G628","WOOLWORTH",104,"NO","KEY","YES","BENTON","GALLATIN","COATED","COATED","NO","LINE","YES","WoodHoe70",4,2,"TABLOID","CANADIAN",3,8,13,9,19,41,13,10,3,48,79,18,3,3,20,16,4,7,3,3,"band"
"386",100,"W395","TOYSRUS",53,"NO","KEY","NO","BENTON","GALLATIN","COATED","COATED","NO","LINE","NO","WoodHoe70",4,1,"SPIEGEL","CANADIAN",4,11,15,11,31,35,10,19,3,38,73,55,3,3,3,4,4,7,3,3,"band"
"387",98,"T281","MODMAT",245,"YES","KEY","YES","BENTON","GALLATIN","UNCOATED","UNCOATED","NO","LINE","YES","Albert70",2,2,"CATALOG","NorthUS",4,11,14,13,31,17,14,32,3,48,41,113,3,3,25,16,11,7,3,3,"band"
"388",99,"F601","MODMAT",245,"YES","KEY","YES","BENTON","GALLATIN","UNCOATED","UNCOATED","NO","LINE","NO","Albert70",2,7,"CATALOG","NorthUS",4,11,18,9,19,17,14,27,3,48,67,76,3,3,25,16,11,7,3,3,"band"
"389",93,"X760","TVGUIDE",19,"YES","KEY","YES","BENTON","GALLATIN","UNCOATED","UNCOATED","NO","LINE","NO","Motter94",6,2,"TABLOID","NorthUS",4,14,9,6,31,25,14,5,36,48,23,50,3,3,25,16,7,7,3,3,"noband"
"390",94,"O1","TARGET",78,"NO","KEY","YES","BENTON","GALLATIN","UNCOATED","COATED","NO","LINE","YES","Motter94",8,2,"SPIEGEL","NorthUS",3,14,10,6,19,22,21,5,19,48,30,57,18,3,25,16,8,7,3,3,"noband"
"391",94,"O14","TARGET",78,"NO","KEY","YES","BENTON","GALLATIN","UNCOATED","COATED","NO","LINE","YES","Motter94",8,9,"SPIEGEL","NorthUS",4,14,10,15,19,22,21,5,3,48,61,86,18,3,32,27,8,7,3,3,"noband"
"394",102,"X001","TVGUIDE",20,"YES","KEY","YES","BENTON","GALLATIN","UNCOATED","UNCOATED","NO","LINE","YES","Motter94",6,7,"TABLOID","NorthUS",3,14,10,18,29,19,13,5,3,48,60,87,3,3,25,15,7,7,30,3,"noband"
"395",102,"G81","LURIAS",164,"YES","KEY","YES","BENTON","GALLATIN","UNCOATED","UNCOATED","NO","LINE","YES","WoodHoe70",4,9,"TABLOID","mideuropean",3,18,10,11,44,35,14,18,21,34,32,45,3,3,25,16,9,7,30,3,"noband"
"396",102,"G5","LURIAS",164,"YES","KEY","YES","BENTON","GALLATIN","UNCOATED","UNCOATED","NO","LINE","NO","WoodHoe70",4,2,"TABLOID","mideuropean",3,18,10,13,57,35,14,15,3,30,73,6,16,3,26,16,9,7,30,3,"band"
"397",102,"G5","LURIAS",164,"YES","KEY","YES","BENTON","GALLATIN","UNCOATED","COVER","NO","LINE","YES","WoodHoe70",4,2,"TABLOID","mideuropean",3,18,10,9,31,37,21,20,3,34,46,107,3,3,25,16,9,7,3,3,"band"
"400",104,"X304","ECKERDS",88,"NO","KEY","YES","BENTON","GALLATIN","COATED","UNCOATED","NO","LINE","NO","Motter94",7,2,"TABLOID","CANADIAN",3,14,10,13,31,17,17,23,3,23,60,87,13,3,18,16,4,7,3,3,"band"
"401",104,"W30","SHEPLERS",105,"YES","KEY","YES","BENTON","GALLATIN","UNCOATED","UNCOATED","NO","LINE","YES","WoodHoe70",5,9,"SPIEGEL","NorthUS",3,11,10,6,6,31,10,17,3,45,73,55,3,3,25,15,11,7,3,3,"noband"
"404",104,"M208","ABBEYPRESS",39,"NO","KEY","YES","BENTON","GALLATIN","UNCOATED","COATED","NO","LINE","NO","Albert70",2,2,"CATALOG","NorthUS",3,7,10,9,44,17,13,28,3,10,67,76,3,3,32,16,7,7,3,3,"noband"
"405",104,"F466","ABBEYPRESS",39,"NO","KEY","YES","BENTON","GALLATIN","UNCOATED","COATED","NO","LINE","NO","Albert70",2,7,"CATALOG","NorthUS",3,7,10,9,44,17,13,30,3,10,76,42,3,3,32,16,7,7,3,3,"noband"
"406",111,"X295","TVGUIDE",22,"YES","KEY","YES","BENTON","GALLATIN","UNCOATED","UNCOATED","NO","LINE","YES","Motter94",6,7,"TABLOID","NorthUS",3,28,18,5,52,20,19,5,53,48,21,24,3,3,25,13,7,7,53,3,"band"
"407",112,"I010","AUSTADS",236,"YES","KEY","YES","BENTON","GALLATIN","UNCOATED","UNCOATED","NO","LINE","YES","WoodHoe70",4,9,"CATALOG","CANADIAN",4,14,28,13,44,35,14,18,3,23,52,102,3,3,31,18,11,7,17,3,"band"
"408",104,"W785","SHEPLERS",105,"YES","KEY","YES","BENTON","GALLATIN","UNCOATED","COVER","NO","LINE","NO","WoodHoe70",5,2,"SPIEGEL","NorthUS",3,12,10,11,26,25,21,13,3,48,70,62,3,3,25,27,11,7,3,3,"band"
"409",106,"I349","AUSTADS",236,"YES","KEY","YES","BENTON","GALLATIN","UNCOATED","COVER","NO","LINE","NO","WoodHoe70",4,2,"CATALOG","CANADIAN",3,14,8,13,44,36,13,7,3,8,66,77,6,3,25,16,11,7,32,3,"band"
"410",107,"I317","AUSTADS",236,"YES","KEY","YES","BENTON","GALLATIN","UNCOATED","COVER","NO","LINE","NO","WoodHoe70",4,2,"CATALOG","CANADIAN",3,14,10,11,19,36,14,11,3,18,60,87,6,3,25,16,11,7,17,3,"band"
"412",107,"I331","AUSTADS",236,"YES","KEY","YES","BENTON","GALLATIN","UNCOATED","UNCOATED","NO","LINE","NO","WoodHoe70",4,9,"CATALOG","CANADIAN",3,14,10,17,44,30,13,15,3,56,60,87,3,3,25,16,11,7,32,3,"band"
"413",109,"F121","HANOVERHSE",46,"YES","KEY","YES","BENTON","GALLATIN","UNCOATED","UNCOATED","NO","LINE","NO","Albert70",2,2,"CATALOG","NorthUS",3,14,9,11,10,17,14,32,3,38,67,76,3,3,32,13,9,7,61,3,"noband"
"414",109,"F133","HANOVERHSE",46,"YES","KEY","YES","BENTON","GALLATIN","UNCOATED","UNCOATED","NO","LINE","NO","Albert70",2,7,"CATALOG","NorthUS",3,14,9,11,10,17,14,32,3,38,76,42,3,3,32,11,9,7,61,3,"noband"
"416",111,"X837","TVGUIDE",22,"YES","KEY","YES","BENTON","GALLATIN","UNCOATED","UNCOATED","NO","LINE","YES","Motter94",6,2,"TABLOID","NorthUS",3,27,18,6,34,22,13,5,56,48,21,19,3,3,27,9,7,7,53,3,"noband"
"417",107,"X819","TVGUIDE",21,"YES","KEY","YES","BENTON","GALLATIN","UNCOATED","UNCOATED","NO","LINE","YES","Motter94",6,7,"TABLOID","NorthUS",3,21,8,13,34,16,13,5,58,18,10,44,3,3,25,15,7,7,32,3,"noband"
"418",113,"B125","MODMAT",256,"YES","KEY","YES","BENTON","GALLATIN","UNCOATED","UNCOATED","NO","LINE","YES","WoodHoe70",4,2,"CATALOG","NorthUS",4,25,20,19,31,25,14,13,96,14,60,35,14,3,25,13,11,7,17,3,"band"
"419",105,"R32","TARGET",79,"NO","KEY","YES","BENTON","GALLATIN","COATED","COATED","NO","LINE","YES","WoodHoe70",5,2,"SPIEGEL","CANADIAN",3,10,10,6,44,17,8,13,3,79,60,87,13,3,32,13,4,7,32,3,"band"
"420",109,"F372","DOWNS",117,"YES","KEY","YES","BENTON","GALLATIN","UNCOATED","UNCOATED","NO","LINE","YES","WoodHoe70",4,2,"CATALOG","NorthUS",3,11,22,11,67,24,13,17,98,4,50,55,3,3,32,19,11,7,32,3,"band"
"421",107,"R1","TARGET",79,"NO","KEY","YES","BENTON","GALLATIN","COATED","COATED","NO","LINE","YES","WoodHoe70",5,9,"SPIEGEL","CANADIAN",3,10,8,6,19,27,6,9,3,79,60,87,11,3,25,13,4,7,32,3,"noband"
"424",106,"X342","AMES",84,"NO","KEY","YES","BENTON","GALLATIN","COATED","COATED","NO","LINE","YES","Motter94",8,9,"TABLOID","CANADIAN",3,18,8,13,31,19,14,15,3,69,60,87,18,3,12,16,6,7,32,3,"noband"
"425",106,"X242","AMES",84,"NO","KEY","YES","BENTON","GALLATIN","COATED","COATED","NO","LINE","YES","Motter94",8,2,"TABLOID","CANADIAN",3,18,8,9,31,35,14,15,3,69,60,87,18,3,32,16,6,7,32,3,"noband"
"427",108,"X108","ECKERDS",89,"NO","KEY","YES","BENTON","GALLATIN","COATED","COATED","NO","LINE","YES","Motter94",9,9,"TABLOID","CANADIAN",3,18,9,6,41,27,21,26,3,48,73,55,6,3,25,24,4,7,32,3,"noband"
"428",110,"X80","ECKERDS",90,"NO","KEY","YES","BENTON","GALLATIN","COATED","COATED","NO","LINE","YES","Motter94",7,2,"TABLOID","CANADIAN",3,6,9,15,38,21,17,15,62,54,56,73,15,3,17,21,4,7,57,3,"noband"
"429",110,"F482","DOWNS",117,"YES","KEY","YES","BENTON","GALLATIN","UNCOATED","UNCOATED","NO","LINE","YES","WoodHoe70",4,2,"CATALOG","NorthUS",3,11,9,11,38,23,14,13,82,45,67,42,14,3,32,16,11,7,61,3,"noband"
"430",113,"X388","TVGUIDE",25,"YES","KEY","YES","BENTON","GALLATIN","UNCOATED","UNCOATED","NO","LINE","YES","Motter94",6,2,"TABLOID","NorthUS",4,19,20,11,44,25,14,15,33,7,28,118,3,3,32,15,7,7,17,3,"band"
